name,price,type
"Personalized Two Initial in Heart with Floral Branches Cake Topper, Wedding-Anniversary-Bridal Shower Cake Topper/Gift, Different Finishes",16.98,cake_topper
"Personalized Monogram - Initial Letter Topper - Bridal Shower-Wedding-Anniversary-BD Cake Topper, Elegant Rustic-chic, Wedding Gift",12.98,cake_topper
Sale - Elegant Rustic Cake Topper - Personalized Monogram / Initial Letter Topper - Wedding-Anniversary-Bridal Shower-Birthday Cake Topper.,10.91,cake_topper
Custom Elegant Rustic Cake Topper - Personalized CakeTopper - Bridal Shower Cake Topper-Our Adventure Continues Cake Topper,13.81,cake_topper
"Groom & Bride Names Infinity Line Cake Topper. Wedding, Anniversary, or Valentine Day Cake Topper/gift. Rustic Chic. Multiple finishes.",20.13,cake_topper
"Personalized MR-MRS NAME Cake Topper, Wedding-Anniversary-Valentine Day Cake Topper/ Decor, Wedding Keepsake - Photo Prop - Rustic Chic",18.88,cake_topper
Living the Dream Cake Topper - Wedding - Anniversary - Bridal Shower Cake Topper. Statement Topper. Rustic chic wooden cake topper.,14.81,cake_topper
"Personalized Bride & Groom Initials Cake Topper, Two Letter Monogram, Wedding-Anniversary-Valentine Day Cake Topper/decor, Personalized Gift",15.57,cake_topper
Elegant Rustic Cake Topper - Personalized Monogram/Initial/Name Letter Topper with Date - Wedding-Anniversary-Bridal Shower-Birthday Topper.,14.94,cake_topper
"Personalized Christmas Ornament, Initial Ornament, Christmas Gift, Family Gift, Christmas Decor, Christmas Tree Decor, Personalized Gift",7.93,ornament
"Personalized Christmas Wooden Ornament, Name Ornament, Christmas Gift, Family Gift, Christmas Decor, Christmas Tree Decor, Personalized Gift",7.96,ornament
"Personalized Monogram Cake Topper, Bride & Groom Initials Topper with Date, Hexagon Shape, Wedding-Anniversary-Valentine Day Cake Topper.",12.98,cake_topper
Wedding cake Topper-Bridal Shower Cake Topper-At Last Cake Topper-Love Cake topper-Monogram cake topper-Personalized cake topper,11.84,cake_topper
"Wedding Cake Topper Family Monogram, Groom & Bride Initials Cake Topper, Wedding - Anniversary - Valentine Topper, Wedding Keepsake, Rustic",15.57,cake_topper
"Better Half Cake Topper, Wedding - Anniversary - Valentine Day Cake Decor, Rustic / Country Wedding Topper, Wedding Keepsake",14.17,cake_topper
"Always and Forever Cake Topper, Wedding - Anniversary - Bridal Shower Topper, Statement Topper, Plain Wood-Stained-Painted-Glittered Topper",13.81,cake_topper
"Mr Mrs Cake Topper, Wedding - Anniversary - Bridal Shower Cake Decor, Rustic Chic, Multiple Colors and Glitter Options",10.74,cake_topper
"Personalized Three Letter Cake Topper, Script Monogram, Three Initial Cake Topper, Wedding-Anniversary-Valentine Day, Wooden Cake Topper.",16.77,cake_topper
"Bride to Be Bridal Shower Cake Topper - Statement Topper - Rustic Chic, Multiple Finish Choices: Natural Wood - Stained -Painted - Glittered",13.81,cake_topper
LOVE YOU the MOST Cake Topper - Wedding - Anniversary - Valentine Day Cake Decor - Wedding Keepsake - Photo Prop - Rustic Chic Wedding,13.81,cake_topper
"Best Day Ever Cake Topper, Wedding - Bridal Shower - Anniversary Cake Topper, Statement Topper, Rustic-chic Cake topper",13.99,cake_topper
Custom Elegant Rustic Cake Topper - Personalized CakeTopper - Bridal Shower Cake Topper-Once in a Lifetime Cake Topper,13.81,cake_topper
Personalized Elegant Hexagon Shape Cake Topper - Monogram Initial Letter Topper - Bridal Shower - Wedding-Anniversary-BD Rustic Cake Topper.,13.98,cake_topper
Custom Elegant Rustic Cake Topper - Wedding CakeTopper - Bridal Shower - Anniversary Topper - I Love You Topper. Celebrate in style!!,13.81,cake_topper
"After All This Time Always Wedding Cake Topper, Anniversary - Vow Renewal - Bridal Shower - Valentine topper, Elegant, Variety of Finishes",14.79,cake_topper
"Forever & Always Cake Topper - Wedding - Bridal Shower - Anniversary - Valentine Day Cake Topper. Wooden Topper, Stained/Painted /Glittered",13.81,cake_topper
Custom Elegant Rustic Cake Topper - Personalized CakeTopper - Bridal Shower Cake Topper - I choose You Cake Topper,13.81,cake_topper
"Adventure Awaits CakeTopper, Wedding - Bridal Shower - Baby Shower - Anniversary Cake Topper, Statement Topper, Rustic-chic, Multiple colors",13.81,cake_topper
Custom Elegant Rustic Cake Topper - Personalized CakeTopper - Bridal Shower Cake Topper - Fall in Love Cake Topper,13.81,cake_topper
Custom Elegant Rustic Cake Topper - Personalized CakeTopper - Bridal Shower Cake Topper - Forever Yours Cake Topper,13.81,cake_topper
"Crazy in Love Cake Topper, Statement Topper, Wedding - Bridal Shower - Anniversary - Valentine day Cake Topper, Elegant Rustic-Chic Topper",13.81,cake_topper
Custom Elegant Rustic Cake Topper - Personalized CakeTopper - Bridal Shower Cake Topper-Our Adventure Begins Cake Topper,13.81,cake_topper
Custom Elegant Rustic Cake Topper - Wedding Cake Topper- Bridal Shower Cake Topper-Personalized CakeTopper - Tale as Old as Times Topper,14.81,cake_topper
"It Was Always You Cake Topper, Wedding-Bridal Shower-Anniversary-Valentine Day Topper/Gift, Statement Topper, Multiple Finishes, Rustic Chic",13.81,cake_topper
Custom Elegant Rustic Cake Topper - Wedding cake Topper-Bridal Shower Cake Topper-You Are My Favorite Cake Topper,13.48,cake_topper
"Personalized MR&MRS Wedding Cake Topper, Wedding Cake Decor, Anniversary - Bridal Shower - Wedding Gift, Valentine Day, Rustic Chic Wedding.",18.86,cake_topper
"Personalized MR MRS NAME Wedding Cake Topper, Cake Topper for Any Occasion: Wedding, Anniversary, Bridal Shower. Gift for Couple, Rustic",18.58,cake_topper
"Better Together with Initials Wedding Cake Topper, Bridal Shower - Anniversary - Valentine Day Cake Topper, Rustic/Country Wedding Topper",14.99,cake_topper
"Personalized MR&MRS Wedding Cake Topper, Wedding Cake Decor, Anniversary - Bridal Shower - Wedding Gift, Valentine Day Cake Topper",18.07,cake_topper
"Wedding Cake Topper Groom & Bride Name Initials, Personalized Cake Decor, Great for Anniversary-Bridal Shower-Wedding-Valentine Day; Stylish",15.57,cake_topper
Custom Elegant Rustic Cake Topper - Personalized CakeTopper - Bridal Shower Cake Topper-Soon to be Mr Mrs Topper,14.63,cake_topper
Custom Elegant Rustic Cake Topper - Personalized CakeTopper - Today Tommorow Always Cake Topper-,13.81,cake_topper
"Mrs Mrs Topper, Mr Mrs Cake Topper, Wedding - Anniversary - Bridal Shower Cake Decor, Rustic Chic, Multiple Colors and Glitter Options",13.81,cake_topper
"Beautiful Baby Shower Personalized Cake Topper, Baby Name Topper, Baby Shower Gift, Rustic-Chic, Elegant, Centerpiece, Photo Prop",15.66,cake_topper
"Wedding Cake Topper, Personalized Cake Topper, Initial Cake Topper, Anniversary /Bridal Shower / Birthday Topper, Monogram Cake Topper",10.78,cake_topper
"Happy Birthday Name Personalized Cake Topper, Any Age/ Anniversary Celebration, Birthday Gift, Rustic-Chic, Elegant, Centerpiece, Photo Prop",15.66,cake_topper
"Groom and Bride Names in the Heart Wedding Cake Topper, Wedding Cake Decor, Anniversary - Bridal Shower - Wedding Gift, Wedding Keepsake",18.07,cake_topper
"Love You More Cake Topper, Wedding / Bridal Shower / Anniversary / Valentine Day, Statement Cake Topper, Made of Wood, Multiple finishes",13.81,cake_topper
"Personalized ""Mr Mrs Name"" Wedding Cake Topper, Family Name Cake Topper, Great Wedding-Anniversary-Bridal Shower Gift, Rustic Chic Wedding",18.07,cake_topper
"Wedding Anniverssary Celebration Personalized Cake Topper-Wedding-Anniversary-Valentine Cake Topper, Photo Prop, Rustic Chic, Cake decor",21.21,cake_topper
"Personalized Groom & Bride Names Wedding Cake Topper, Cake Decor, Anniversary - Bridal Shower - Wedding Gift, Valentine Day; Elegant Rustic",17.69,cake_topper
"Personalized MR&MRS NAME with the Date Wedding Cake Topper, Anniversary - Bridal Shower - Wedding Gift, Cake Decor, Rustic Chick Wedding",17.61,cake_topper
"Personalized MR&MRS NAME Wedding Cake Topper in Laurel Wreath, Wedding Cake Decor, Anniversary - Bridal Shower - Wedding Gift, Rustic Chic",18.07,cake_topper
SHIPPING & SHIPPING UPGRADE,9.99,upgrade
Birthday Cake Topper - Personalized Monogram Cake Topper - Happy Birthday Cake Topper - Keepsake Wedding Cake Topper,15.66,cake_topper
"Sale - Wedding Cake Topper, Personalized Cake Topper, Monogram Cake Topper, Initial cake topper, Elegant cake topper, Birthday Cake Topper",14.37,cake_topper
Cake Topper UPGRADE only. Please see this listing description before purchasing.,2.62,cake_topper
Cake Topper UPGRADE only. Please see this listing description before purchasing.,2.62,upgrade
"MR-MRS NAME in the Heart Personalized Cake Topper, Wedding-Anniversary-Valentine Day Topper, Wedding Keepsake - Photo Prop - Rustic Chic",18.07,cake_topper
"Personalized MR&MRS NAME Wedding Cake Topper, Anniversary - Bridal Shower - Valentine Day Cake Topper, Personalized Gift, Wedding Cake Decor",18.07,cake_topper
"Personalized Antler Cake Topper - Monogram Cake Topper - Wedding - Anniversary - Valentine Day Topper, Deer Antler Wooden Topper - Rustic",13.37,cake_topper
"MR-MRS NAME Personalized Cake Topper - Wedding - Anniversary Topper, Wedding Keepsake - Photo Prop - Rustic Chic - Country Wedding",18.07,cake_topper
UPGRADE plain pages to Lined Pages or Guest Table.,5,upgrade
"Personalized MR&MRS NAME Wedding Cake Topper, Anniversary - Bridal Shower - Wedding Gift, Valentine Day Cake Topper, Cake Decor, Rustic Chic",20.03,cake_topper
"Personalized Wedding-Anniversary-Bridal Shower Guest Book, Gift for Couple, Memory Book, Wedding Keepsake, Advice Book, Photo Prop, Rustic.",43.55,book
"Personalized MR&MRS NAME and Date Wedding Cake Topper, Anniversary - Bridal Shower - Wedding Gift, Wedding Keepsake, Cake Decor, Rustic Chic",21.21,cake_topper
"Personalized MR&MRS Name and Date Wedding Cake Topper, Wedding Cake Decor, Anniversary - Bridal Shower - Wedding Gift, Rustic Chic Wedding",17.69,cake_topper
"Unique Personalized Memorable Birthday Gift, Guest Book, Memory Album, Anniversary Book, Annivarsary Gift, Party Decor / Supply",44.35,book
"DESIGN TWEAK - make changes to the existing designs when you order a Cake Topper, Guest Book, Name Sign, Cutting Board, or Wedding Box.",NA,cake_topper
"DESIGN TWEAK - make changes to the existing designs when you order a Cake Topper, Guest Book, Name Sign, Cutting Board, or Wedding Box.",NA,book
"Personalized Monogram Wedding Cake Topper, Initial / Letter Cake Topper for Any Occasion: Bridal Shower, Anniversary, Birthday!",13.37,cake_topper
"MR-MRS NAME in the Heart Personalized Cake Topper, Wedding - Anniversary - Valentine Day Topper - Wedding Keepsake - Photo Prop - Rustic",21.21,cake_topper
"Personalized MR&MRS Name Wedding Cake Topper, Anniversary - Bridal Shower - Wedding Gift, Valentine Day, Cake Decor, Rustic Chic Wedding",18.07,cake_topper
"Ever Thine Ever Mine Ever Ours Wedding Cake Topper, Wedding Keepsake, Photo Prop, Rustic Chic Wedding, Anniversary - Valentine Day Topper",13.81,cake_topper
TO INFINITY and BEYOND Cake Topper - Wedding - Anniversary - Valentine Day - Wedding Keepsake - Photo Prop - Rustic Chic Wedding - Elegant,13.81,cake_topper
"Personalized MR-MRS NAME Cake Topper - Wedding - Anniversary - Valentine Cake Topper, Wedding Keepsake, Wedding Photo Prop, Elegant Rustic.",18.07,cake_topper
"Groom and Bride Names in Laurel Wreath Personalized Cake Topper, Wedding - Anniversary Cake Decor, Wedding Keepsake, Photo Prop, Rustic Chic",17.31,cake_topper
"Birthday Name Personalized Cake Topper, Any Age Birthday topper, Anniversary, Birthday Gift, Rustic-Chic, Elegant, Centerpiece, Cake Decor",15.66,cake_topper
"Mr Mrs Name & Date Cake Topper - Rustic Wedding Personalized Topper/ Anniversary Cake Topper, Wedding Keepsake, Photo Prop, Rustic Chic",17.69,cake_topper
RUSH my ORDER for the FAST 1-2 day production,NA,upgrade
"Personalized MR-MRS NAME Cake Topper, Wedding-Anniversary-Valentine Day Cake Topper/ Decor, Wedding Keepsake - Photo Prop - Rustic Chic",20.13,cake_topper
YOUR Cake Topper IDEA! Your CUSTOM Wedding-Anniversary-Bridal Shower-Birthday-Retirement-Any Occasion Cake Topper. Custom Design.,29.76,cake_topper
"MR-MRS NAME Personalized Wedding Cake Topper, Bridal Shower/Wedding/Anniversary/Valentine Topper, Wedding Keepsake, Rustic Chic, Cake decor",15.15,cake_topper
extra pages,2,upgrade
"Happily Ever Name Personalized Cake Topper - Wedding - Bridal Shower - Anniversary Cake Topper, Wedding Gift for Couple, Rustic Chic, Wood",17.69,cake_topper
"Unique Personalized Memorable Birthday Gift, Bridal Shower-Wedding-Anniversary Guest Book, Gift for couple, Memory book, Any Occasion Gift",44.35,book
Rustic Wedding Cake Topper - Personalized Monogram Cake Topper - Soon to be Mr Mrs Cake Topper- Keepsake Wedding Cake Topper,15.16,cake_topper
"MR-MRS NAME Personalized Cake Topper-Wedding-Anniversary-Valentine Cake Topper, Wedding Gift/Cake decor. Natural/stained/painted/glittered",18.07,cake_topper
"Personalized MR&MRS NAME Wedding Cake Topper - Bridal Shower - Anniversary - Valentine Day Topper/gift, Rustic Chic Wedding, Elegant, Wooden",18.07,cake_topper
"Beautiful LOVE BIRDS personalized Wedding Guest Book, Anniversary - Bridal shower - Birthday Gift, Memory Book, Photo Prop, Rustic Chic",34.84,book
"Best Day Ever Wedding Cake Topper, Wedding Keepsake - Rustic Chic Wedding - Wedding cake decor - Elegant. Wooden Cake Topper, Laser Cut.",10.74,cake_topper
"Personalized Wedding-Anniversary-Bridal Shower Guest Book, Great Gift for Couple, Birthday gift, Retirement Book, Sign in Book, Rustic Chic",45.14,book
"Personalized MR MRS Name & Date Wedding Cake Topper, Anniversary - Bridal Shower - Wedding Gift, Wooden Cake Topper. Elegant Rustic",18.07,cake_topper
"Gorgeous ""LOVE"" Cake Topper for any occasion - Wedding, Bridal Shower, Engagement Party, Anniversary, Valentine Day! Elegant, Rustic-chic.",14.26,cake_topper
"Custom Wedding-Anniversary-Bridal Shower-Birthday-Retirement Guest Book, Personalized gift, Wedding Keepsake, Advice book, Beach Wedding",45.14,book
Wedding Cake Topper- Rustic cake topper-Custom cake topper-Letter cake topper-Monogram cake topper-Personalized topper-Name monogram topper,12.98,cake_topper
"MR-MRS NAME Personalized Cake Topper, Wedding/ Anniversary/ Valentine Cake Topper, Wedding Keepsake, Rustic Chic Wedding, Wedding cake decor",18.07,cake_topper
MR-MRS NAME Personalized Cake Topper - Wedding - Anniversary - Valentine Day Cake Topper/Decor - Rustic Chic Wedding - Bridal Shower Gift,18.86,cake_topper
"Personilized Bridal Shower-Wedding-Anniversary-Birthday-Retirement Guest Book / Gift, Wedding Keepsake, Custom Gift for Couple, Memory Album",44.34,book
"MR-MRS NAME Personalized Cake Topper - Wedding - Anniversary - Valentine Cake Topper, Wedding Keepsake - Photo Prop - Rustic Chic Wedding",18.07,cake_topper
"Better Together Cake Topper, Wedding - Anniversary - Valentine Day Cake Topper or Gift, Rustic/ Country Wedding Topper, Wedding Keepsake",13.81,cake_topper
"Personalized Happy Birthday Name Cake Topper - Anniversary Cake Topper, Rustic Chic, Birthday Cake Decor at any age!",15.66,cake_topper
"Unique personalized Wedding-Anniversary-Bridal shower guest book, Custom gift, Memory album, Laser engraved, Rustic theme, Wedding decor.",45.14,book
"WINTER WEDDING Personalized Guest Book, Wedding-Anniversary-Bridal Shower Memory Book, Wedding Keepsake, Great Gift, Laser Engraved Wood.",44.34,book
"Personalized Birthday - Anniversary - Retirement Guest Book or Memory Book, Personalized Birthday Gift, Photo Album, Retirement Gift, Rustic",44.35,book
"Personalized MR&MRS NAME Wedding Cake Topper, Wedding Cake Decor, Anniversary - Bridal Shower - Wedding Gift, Valentine Day Cake Topper",18.07,cake_topper
"Beautiful Laser Engraved Personalized Birthday-Retirement-Wedding-Anniversary-Bridal Shower Guest Book /Gift , Memory Book, Rustic Theme",44.35,book
"Wedding Cake Topper, Better Together Cake Topper, Elegant Rustic Chick Cake Decor, Perfect for Wedding - Anniversary - Valentine Day!",13.81,cake_topper
LOVE Cake Topper - Wedding - Anniversary - Valentine Day Topper - Wedding Keepsake - Photo Prop - Rustic Chic Wedding - Wedding cake decor,12.07,cake_topper
"Beautiful FAMILY MONOGRAM Personalized Wedding Guest Book, Bridal Shower - Anniversary - Family Reunion Memory Book, Photo Prop, Rustic Chic",48.3,book
